id,container_id,shipping_company,vizion_reference_id,vision_organization_id,bill_of_lading,latest_status,created_at,updated_at,finished_journey,uploaded
9,DFSU6679443,MEDU,b7dc8cbf-60a6-4091-95e2-22aea32009bf,f59471f6-a2e5-46f9-9c1c-6d26b71afe64,MEDUKA845230,,2021-07-27 00:06:43.481758,2021-07-27 00:07:51.643799,t,t
22,MSCU5248038,MEDU,700cbd6f-9f84-458a-8643-8b755d3ad9eb,f59471f6-a2e5-46f9-9c1c-6d26b71afe64,MEDUKA850982,,2021-07-30 01:23:06.685778,2021-07-30 01:30:07.136414,t,t
8,TCLU7537047,MEDU,3f9a48be-de90-46b7-b313-05e140b1029f,f59471f6-a2e5-46f9-9c1c-6d26b71afe64,MEDUKA852244,,2021-07-27 00:06:43.473181,2021-07-27 00:07:48.421194,f,f
23,SZLU9560138,ONEY,23ae9fbb-14e0-47fb-aea0-8a168bd0df84,f59471f6-a2e5-46f9-9c1c-6d26b71afe64,ONEYDACB13116800,,2021-07-30 01:23:06.71534,2021-07-30 01:30:10.64135,t,t
10,MSCU7160162,MEDU,14aaefb2-d0ec-4aec-ac32-cb36dd66556b,f59471f6-a2e5-46f9-9c1c-6d26b71afe64,MEDUKA845230,,2021-07-27 00:06:43.490288,2021-07-27 00:07:54.90187,f,f
11,CXDU2162167,MEDU,e0dca205-c69f-4396-be38-238a70ae5017,f59471f6-a2e5-46f9-9c1c-6d26b71afe64,MEDUKA845230,,2021-07-27 00:06:43.500952,2021-07-27 00:07:58.147527,f,f
12,FFAU2714334,MEDU,fdbde99b-7958-4c6d-942d-131f51f76318,f59471f6-a2e5-46f9-9c1c-6d26b71afe64,MEDUKA845230,,2021-07-27 00:06:43.509735,2021-07-27 00:08:01.373906,f,f
24,MEDU6555930,MEDU,8d40bd34-c972-4d6c-b4b6-e354c6cc0244,f59471f6-a2e5-46f9-9c1c-6d26b71afe64,MEDUKA850974,,2021-07-30 01:23:06.728478,2021-07-30 01:30:13.925257,t,t
14,MEDU8017039,MEDU,b00376e9-d0a2-4100-b4ee-582ee6f8d2cf,f59471f6-a2e5-46f9-9c1c-6d26b71afe64,MEDUKA853606,,2021-07-27 00:06:43.527119,2021-07-27 00:08:08.497139,f,f
15,TCLU5578026,MEDU,71d60ece-4b25-4c18-894b-982f5f684b94,f59471f6-a2e5-46f9-9c1c-6d26b71afe64,MEDUKA853606,,2021-07-27 00:06:43.535809,2021-07-27 00:08:11.985923,f,f
25,MSCU1268695,MEDU,eaec3139-fad9-42a2-91f5-3df93ab8bdd0,f59471f6-a2e5-46f9-9c1c-6d26b71afe64,MEDUKA853481,,2021-07-30 01:23:06.736839,2021-07-30 01:30:17.215121,t,t
26,HLBU2194717,HLCU,71f05df5-677e-4f61-8967-9c9611c1f0da,f59471f6-a2e5-46f9-9c1c-6d26b71afe64,HLCUDA1210600215,,2021-07-30 01:23:06.798601,2021-07-30 01:30:20.54667,t,t
29,TCLU1529677,ONEY,08ed15dd-670f-4bd9-ab2a-413744055231,f59471f6-a2e5-46f9-9c1c-6d26b71afe64,ONEYDACB14230600,,2021-07-30 01:23:06.904723,2021-07-30 01:30:30.47113,t,t
32,SEGU4468196,ONEY,4f8347f1-974a-40aa-968e-85f9414fc81a,f59471f6-a2e5-46f9-9c1c-6d26b71afe64,ONEYDACB14330700,,2021-07-30 01:23:06.944081,2021-07-30 01:30:41.036327,t,t
20,SLHU4500038,OOLU,ef0b6f5c-257b-43d7-a7da-00d4203efe53,f59471f6-a2e5-46f9-9c1c-6d26b71afe64,OOLU2669839560,,2021-07-27 00:06:43.583665,2021-07-27 00:08:28.879154,f,f
33,GCXU2210170,ONEY,6b8ce57a-1f56-4626-b244-0187b608473e,f59471f6-a2e5-46f9-9c1c-6d26b71afe64,ONEYDACB14330700,,2021-07-30 01:23:06.953274,2021-07-30 01:30:44.29767,t,t
39,TLLU4443549,ZIMU,9f928c94-a3da-4ddf-8868-adb77cea0494,f59471f6-a2e5-46f9-9c1c-6d26b71afe64,ZIMUHAI80034305,,2021-07-30 01:23:07.155373,2021-07-30 01:31:03.457596,t,t
42,TGHU9708791,ZIMU,19a46efb-76fe-4a23-9fdc-a37092260e79,f59471f6-a2e5-46f9-9c1c-6d26b71afe64,ZIMUNGB9704776,,2021-07-30 01:23:07.497668,2021-07-30 01:31:23.568253,t,t
43,ZCSU7106355,ZIMU,1112d7b5-b9c2-4731-b9de-7d22cee8d5e7,f59471f6-a2e5-46f9-9c1c-6d26b71afe64,ZIMUNGB9704776,,2021-07-30 01:23:07.506813,2021-07-30 01:31:26.80754,t,t
44,TGBU7240673,ZIMU,08d9912a-ee57-4c98-bf67-a70574a46922,f59471f6-a2e5-46f9-9c1c-6d26b71afe64,ZIMUNGB9704776,,2021-07-30 01:23:07.515966,2021-07-30 01:31:30.098961,t,t
45,ZCSU7381803,ZIMU,94fe5959-d0e6-416c-bcdc-75959ced1a46,f59471f6-a2e5-46f9-9c1c-6d26b71afe64,ZIMUNGB9704776,,2021-07-30 01:23:07.525138,2021-07-30 01:31:33.442994,t,t
207,TCNU4564914,ZIMU,854c6b65-1cf3-47b5-859a-fb5ea90efab1,f59471f6-a2e5-46f9-9c1c-6d26b71afe64,ZIMUHAI80031213,,2021-08-03 21:00:04.192346,2021-08-03 21:30:16.881763,t,t
13,INKU2382856,MEDU,45c29db9-946b-47f1-8223-e82d9df0f779,f59471f6-a2e5-46f9-9c1c-6d26b71afe64,MEDUKA845230,,2021-07-27 00:06:43.518227,2021-07-27 00:08:04.936689,t,t
28,TCLU15296377,ONEY,7a948ca9-e965-47c5-b512-12feb47fffd5,f59471f6-a2e5-46f9-9c1c-6d26b71afe64,ONEYDACB14230600,,2021-07-30 01:23:06.895388,2021-07-30 01:30:27.214494,f,f
38,TCNU1488934,HLCU,6167dbbe-0d22-4265-bd8a-46faceda01fd,f59471f6-a2e5-46f9-9c1c-6d26b71afe64,HLCUDA1210600332,,2021-07-30 01:23:07.134763,2021-08-03 21:58:06.039997,f,f
205,TCLU5458442,ONEY,0f5e9171-2610-4890-b6a2-06e5f445e1fa,f59471f6-a2e5-46f9-9c1c-6d26b71afe64,ONEYDACB14471600,,2021-08-03 21:00:04.149067,2021-08-03 21:30:10.312201,f,f
52,BMOU4860933,EGLV,d0708f82-172c-4813-89ff-b1a0275dc0a5,f59471f6-a2e5-46f9-9c1c-6d26b71afe64,EGLV236100245777,,2021-07-30 21:00:03.98229,2021-08-02 22:53:47.991434,f,f
311,DFSU7464650,COSU,85fa847c-b0e5-4e98-94c6-d322c91a7438,f59471f6-a2e5-46f9-9c1c-6d26b71afe64,COSU6304334090,,2021-08-10 14:00:04.57436,2021-08-10 14:30:03.591716,t,t
212,UACU5342430,HLCU,e254f0ab-5d05-44f7-a359-5cca067e6a4a,f59471f6-a2e5-46f9-9c1c-6d26b71afe64,HLCUDA1210600365,,2021-08-03 21:00:04.484975,2021-08-03 21:30:33.240308,t,t
152,TLLU5507334,ONEY,5ea9e224-cb15-438a-9d8e-c83d165d8d12,f59471f6-a2e5-46f9-9c1c-6d26b71afe64,ONEYPNHB19439900,,2021-07-30 21:00:05.251103,2021-07-30 21:35:58.828878,t,t
209,NYKU5238686,ONEY,03846288-fa18-4c5a-9d44-f52374358dd9,f59471f6-a2e5-46f9-9c1c-6d26b71afe64,ONEYDACB14520800,,2021-08-03 21:00:04.3759,2021-08-03 21:30:23.488225,f,f
210,AXIU1365550,ONEY,c367136f-843f-4b4a-a2fd-92725e584b01,f59471f6-a2e5-46f9-9c1c-6d26b71afe64,ONEYDACB14520800,,2021-08-03 21:00:04.385052,2021-08-03 21:30:26.759978,f,f
211,OOCU7821056,COSU,93bbdb3b-9c48-4377-b48d-88cf85553943,f59471f6-a2e5-46f9-9c1c-6d26b71afe64,COSU6306929170,,2021-08-03 21:00:04.476101,2021-08-03 21:30:30.005017,f,f
213,CAIU9428331,COSU,99ccd1db-31de-444e-a5d5-22e89004f3b2,f59471f6-a2e5-46f9-9c1c-6d26b71afe64,COSU6306929170,,2021-08-03 21:00:04.555014,2021-08-03 21:30:36.550676,f,f
214,CSLU6182287,COSU,48795982-0061-4575-aa3c-6c982bde3abe,f59471f6-a2e5-46f9-9c1c-6d26b71afe64,COSU6306929170,,2021-08-03 21:00:04.563691,2021-08-03 21:30:39.78657,f,f
215,CBHU5816262,COSU,cb82cc84-bfe4-44bb-9efd-28b164d28efa,f59471f6-a2e5-46f9-9c1c-6d26b71afe64,COSU6306929170,,2021-08-03 21:00:04.572161,2021-08-03 21:30:43.044885,f,f
216,BEAU2044860,COSU,65fd9f70-5f20-4e6e-85a6-712455d79a35,f59471f6-a2e5-46f9-9c1c-6d26b71afe64,COSU6305654100,,2021-08-03 21:00:04.593248,2021-08-03 21:30:46.290798,f,f
217,CCLU1918887,COSU,94a66a26-b165-4c1b-b3a9-36b6012a5748,f59471f6-a2e5-46f9-9c1c-6d26b71afe64,COSU6305654100,,2021-08-03 21:00:04.601865,2021-08-03 21:30:49.789508,f,f
218,OOCU7443038,COSU,36e2da3d-6ab2-40ef-b7dd-65dac479b6e6,f59471f6-a2e5-46f9-9c1c-6d26b71afe64,COSU6305654100,,2021-08-03 21:00:04.61018,2021-08-03 21:30:53.018608,f,f
219,NLLU4114635,OOLU,06788e12-71c7-492e-8444-91aae92b8502,f59471f6-a2e5-46f9-9c1c-6d26b71afe64,OOLU2670294590,,2021-08-03 21:00:04.619404,2021-08-03 21:30:56.27686,f,f
220,OOLU1245915,COSU,dd977d34-272a-43cc-9db2-6edb884ff911,f59471f6-a2e5-46f9-9c1c-6d26b71afe64,COSU6306660160,,2021-08-03 21:00:04.781651,2021-08-03 21:58:09.621519,f,f
221,CCLU7975366,COSU,815bc69e-f4fd-482b-9f34-31324b2e6c49,f59471f6-a2e5-46f9-9c1c-6d26b71afe64,COSU6306660160,,2021-08-03 21:00:04.790722,2021-08-03 21:31:02.863814,f,f
222,DFSU7284047,COSU,3b54b10d-bdcd-42f9-8393-9af3587f133f,f59471f6-a2e5-46f9-9c1c-6d26b71afe64,COSU6306660160,,2021-08-03 21:00:04.799435,2021-08-03 21:31:06.269802,f,f
223,CAIU8016495,MEDU,98ec2ac4-c644-4b59-b24a-eb82262eec98,f59471f6-a2e5-46f9-9c1c-6d26b71afe64,MEDUKA893792,,2021-08-03 21:00:04.808117,2021-08-03 21:31:09.50914,f,f
224,TGCU5008699,MEDU,0de64fc2-7a76-42bd-9482-7d60eeb616f4,f59471f6-a2e5-46f9-9c1c-6d26b71afe64,MEDUKA893792,,2021-08-03 21:00:04.816359,2021-08-03 21:31:12.736646,f,f
225,TRHU6250958,MEDU,a4fcb2d5-6f8b-4314-be79-7270e201ba60,f59471f6-a2e5-46f9-9c1c-6d26b71afe64,MEDUKA893792,,2021-08-03 21:00:04.8245,2021-08-03 21:31:15.974256,f,f
226,CBHU6290980,COSU,5368f3a0-4d7f-43cf-a9a7-2bcb33beb7e3,f59471f6-a2e5-46f9-9c1c-6d26b71afe64,COSU6306523190,,2021-08-03 21:00:04.835188,2021-08-03 21:31:19.222183,f,f
227,CSNU1076762,COSU,006c24b6-b1b0-4124-80b3-7b73ac6a899f,f59471f6-a2e5-46f9-9c1c-6d26b71afe64,COSU6307465550,,2021-08-03 21:00:05.015929,2021-08-03 21:31:22.458638,f,f
228,TEMU0096163,COSU,25375616-e6a8-4b7c-a840-4d084159230b,f59471f6-a2e5-46f9-9c1c-6d26b71afe64,COSU6307181380,,2021-08-03 21:00:05.029215,2021-08-03 21:31:25.774139,f,f
230,TRHU2656450,ONEY,6fb7b546-1502-4d3a-936a-7c02492df4d7,f59471f6-a2e5-46f9-9c1c-6d26b71afe64,ONEYDACB17153600,,2021-08-03 21:00:05.403289,2021-08-03 21:31:32.274483,f,f
161,CBHU8795754,COSU,ea5b78d0-64a5-4ced-8ff8-550b27c80237,f59471f6-a2e5-46f9-9c1c-6d26b71afe64,COSU6884765030,,2021-07-30 21:00:05.420179,2021-07-30 21:36:29.671289,t,t
69,HMMU6084523,HDMU,c723eeed-33ae-4a23-9e92-63a97c6facf7,f59471f6-a2e5-46f9-9c1c-6d26b71afe64,HDMUJKTM69770400,,2021-07-30 21:00:04.169185,2021-07-30 21:31:31.9952,f,f
70,TCNU5067609,HDMU,b32ae014-0403-4872-9333-b6b340909594,f59471f6-a2e5-46f9-9c1c-6d26b71afe64,HDMUJKTM69770400,,2021-07-30 21:00:04.177634,2021-07-30 21:31:35.216826,f,f
72,KOCU4318254,HDMU,93a5157c-ea5e-491c-9353-82a715f5f4e9,f59471f6-a2e5-46f9-9c1c-6d26b71afe64,HDMUJKTM69770400,,2021-07-30 21:00:04.19512,2021-07-30 21:31:41.83889,f,f
74,KOCU4178194,HDMU,80ace9e5-d0f9-4f90-95f5-0d075e94d15c,f59471f6-a2e5-46f9-9c1c-6d26b71afe64,HDMUJKTM69770400,,2021-07-30 21:00:04.212178,2021-07-30 21:31:48.289996,f,f
88,TRLU7202269,COSU,c8587f4a-55ca-4812-b286-03bda9d623b9,f59471f6-a2e5-46f9-9c1c-6d26b71afe64,COSU6305139840,,2021-07-30 21:00:04.41197,2021-07-30 21:32:33.694408,f,f
90,TCLU5847568,CMDU,4cf9aac9-d10f-469b-bcb4-453ac05601ae,f59471f6-a2e5-46f9-9c1c-6d26b71afe64,CMDUCFA0422622,,2021-07-30 21:00:04.443904,2021-07-30 21:32:40.398197,f,f
97,SEGU5802374,HDMU,5c09dfa4-8949-4563-bdbd-c9c4a9b88738,f59471f6-a2e5-46f9-9c1c-6d26b71afe64,HDMUJKTM39168700,,2021-07-30 21:00:04.537749,2021-07-30 21:33:02.467666,f,f
99,TRHU4177333,ONEY,30715877-99ed-4cba-9ef9-0911b36483d3,f59471f6-a2e5-46f9-9c1c-6d26b71afe64,ONEYJKTB97892400,,2021-07-30 21:00:04.555241,2021-07-30 21:33:08.949156,f,f
100,KKFU7928885,ONEY,136468ff-91fa-48c1-8ba2-5a0b0f37d338,f59471f6-a2e5-46f9-9c1c-6d26b71afe64,ONEYJKTB97892400,,2021-07-30 21:00:04.563393,2021-07-30 21:33:12.174394,f,f
102,NYKU4369465,ONEY,47d44435-f3e6-4c00-bc00-377765dea37f,f59471f6-a2e5-46f9-9c1c-6d26b71afe64,ONEYJKTB97892400,,2021-07-30 21:00:04.580823,2021-07-30 21:33:18.64439,f,f
104,SEGU4990765,ONEY,1a1cb95c-6d86-4392-8679-8af364645a06,f59471f6-a2e5-46f9-9c1c-6d26b71afe64,ONEYJKTB979050600,,2021-07-30 21:00:04.604475,2021-07-30 21:33:25.082465,f,f
107,SEGU6093421,CMDU,55fb16b1-0394-4977-bcaa-2227f23d90d8,f59471f6-a2e5-46f9-9c1c-6d26b71afe64,CMDUCFA0423976,,2021-07-30 21:00:04.66723,2021-07-30 21:33:34.882083,f,f
108,TCNU2664600,CMDU,4fdde21c-1d8d-4e0f-bbd1-4d47b4b0c07b,f59471f6-a2e5-46f9-9c1c-6d26b71afe64,CMDUCFA0423976,,2021-07-30 21:00:04.675647,2021-07-30 21:33:38.14209,f,f
127,EGHU9785833,EGLV,d988a206-1737-479b-ac43-8a6889701fd2,f59471f6-a2e5-46f9-9c1c-6d26b71afe64,EGLV080100312002,,2021-07-30 21:00:04.881842,2021-08-02 22:53:51.702838,f,f
129,TRHU5681610,EGLV,f2ddb428-8249-4845-97e8-e4de19765d67,f59471f6-a2e5-46f9-9c1c-6d26b71afe64,EGLV080100312304,,2021-07-30 21:00:04.907953,2021-08-02 22:53:55.406208,f,f
204,TCNU6502892,ONEY,ecf581d8-5d57-4c8f-a576-82beba44c5cb,f59471f6-a2e5-46f9-9c1c-6d26b71afe64,ONEYDACB14471600,,2021-08-03 21:00:04.139783,2021-08-03 21:30:06.947484,f,f
206,KKFU7755028,ONEY,1252ae83-4b31-4d35-aaf1-ecea206fcf51,f59471f6-a2e5-46f9-9c1c-6d26b71afe64,ONEYDACB14471600,,2021-08-03 21:00:04.157695,2021-08-03 21:30:13.579353,f,f
229,CSLU1532443,COSU,9d59a204-24b9-4b2b-b162-b6620ba86dab,f59471f6-a2e5-46f9-9c1c-6d26b71afe64,COSU6308021130,,2021-08-03 21:00:05.086161,2021-08-03 21:31:29.006448,f,f
203,CAIU8967196,MEDU,6e86ae87-694b-4b4d-a595-8eab84af35e7,f59471f6-a2e5-46f9-9c1c-6d26b71afe64,MEDUKA852244,,2021-08-03 21:00:03.999783,2021-08-03 21:30:03.382348,t,t
313,CBHU5520060,COSU,fffdc37a-b5b9-4c85-80cd-d0b4eec2ab60,f59471f6-a2e5-46f9-9c1c-6d26b71afe64,COSU6306929140,,2021-08-11 21:00:05.26704,2021-08-11 21:30:10.740378,f,f
56,HMMU6044428,HDMU,43c92ed7-03ae-4185-85de-94b646af5cc9,f59471f6-a2e5-46f9-9c1c-6d26b71afe64,HDMUJKTM74157100,,2021-07-30 21:00:04.017445,2021-07-30 21:30:50.483442,t,t
256,TRHU4736473,COSU,9ea0f384-3857-4c72-b603-214d673490b3,f59471f6-a2e5-46f9-9c1c-6d26b71afe64,COSU6307881700,,2021-08-05 14:00:04.727473,2021-08-05 14:30:20.189023,f,f
258,FSCU8535820,COSU,f3d62f9b-23ad-4635-baeb-5eeacffd2312,f59471f6-a2e5-46f9-9c1c-6d26b71afe64,COSU6306451410,,2021-08-05 14:00:05.016172,2021-08-05 14:30:27.427759,f,f
260,CCLU7771758,COSU,0d3620b4-ba91-466d-afae-05656c013f1d,f59471f6-a2e5-46f9-9c1c-6d26b71afe64,COSU6306451410,,2021-08-05 14:00:05.036586,2021-08-05 14:30:34.404908,f,f
262,TCLU6756170,ONEY,7a114caf-6caa-42a7-b0ce-22683e7cee50,f59471f6-a2e5-46f9-9c1c-6d26b71afe64,ONEYDACB1679860,,2021-08-05 14:00:05.282724,2021-08-05 14:30:41.436306,f,f
263,CBHU9131549,COSU,a3ad6cc2-782a-4252-9884-9ef08e413cbc,f59471f6-a2e5-46f9-9c1c-6d26b71afe64,COSU6306941840,,2021-08-05 14:00:05.291174,2021-08-05 14:30:44.683896,f,f
58,KOCU4727801,HDMU,87aae42d-ea88-46c3-9fe5-656eafa30026,f59471f6-a2e5-46f9-9c1c-6d26b71afe64,HDMUJKTM51641300,,2021-07-30 21:00:04.034403,2021-07-30 21:30:56.925086,t,t
61,KOCU4106907,HDMU,d1d9c8ef-afd8-4e51-a1c6-1d357027c3b7,f59471f6-a2e5-46f9-9c1c-6d26b71afe64,HDMUJKTM62025300,,2021-07-30 21:00:04.062092,2021-07-30 21:31:06.649374,t,t
134,SEGU5332711,ZIMU,e0776083-511c-4fa5-b35a-204949d077fb,f59471f6-a2e5-46f9-9c1c-6d26b71afe64,ZIMUHAI80035104,,2021-07-30 21:00:04.969958,2021-07-30 21:35:00.522377,t,t
314,DFSU6265799,COSU,32ca06ed-20a2-475e-b143-baedc16f53c6,f59471f6-a2e5-46f9-9c1c-6d26b71afe64,COSU6306929140,,2021-08-11 21:00:05.276012,2021-08-11 21:30:14.433836,f,f
315,BMOU6596840,ONEY,4624844d-1f36-435c-94ac-e64baa732b43,f59471f6-a2e5-46f9-9c1c-6d26b71afe64,ONEYSRGB36918500,,2021-08-11 21:00:05.408747,2021-08-11 21:30:19.270588,f,f
199,KKTU7887918,ONEY,d7d86c23-b74f-463a-8a7e-c517c302b1ef,f59471f6-a2e5-46f9-9c1c-6d26b71afe64,ONEYDACB15258300,,2021-07-31 21:00:05.047389,2021-07-31 21:33:58.669675,t,t
149,NYKU4803864,ONEY,bca877e6-5ca3-42cb-91d0-41bccd081a13,f59471f6-a2e5-46f9-9c1c-6d26b71afe64,ONEYPNHB19439900,,2021-07-30 21:00:05.225028,2021-07-30 21:35:49.093395,t,t
137,KOCU4193389,HDMU,69e3380f-0e64-4a71-8ee1-6eddcfbcf42c,f59471f6-a2e5-46f9-9c1c-6d26b71afe64,HDMUJKTM45496500,,2021-07-30 21:00:05.090733,2021-07-30 21:35:10.092082,f,f
138,BSIU9161111,HDMU,ba89d698-7482-4ab3-a2cc-979aea8c7a07,f59471f6-a2e5-46f9-9c1c-6d26b71afe64,HDMUJKTM66097400,,2021-07-30 21:00:05.111,2021-07-30 21:35:13.316378,f,f
140,CAIU7468931,HDMU,2f22413b-4676-4ff1-b7ff-89e48450c91d,f59471f6-a2e5-46f9-9c1c-6d26b71afe64,HDMUJKTM90490600,,2021-07-30 21:00:05.127813,2021-07-30 21:35:19.813279,f,f
142,CAIU4564870,HDMU,a473a3c2-f1c4-4d8a-80e3-63129e62ead2,f59471f6-a2e5-46f9-9c1c-6d26b71afe64,HDMUJKTM90490600,,2021-07-30 21:00:05.144545,2021-07-30 21:35:26.384381,f,f
144,NYKU4108477,ONEY,76540c1a-5695-43a0-88af-d1c27abc2945,f59471f6-a2e5-46f9-9c1c-6d26b71afe64,ONEYJKTBA1697700,,2021-07-30 21:00:05.162311,2021-07-30 21:35:32.863084,f,f
145,FFAU1843825,ONEY,b76b3e13-de7c-4f61-af0a-3f301f6fe2a6,f59471f6-a2e5-46f9-9c1c-6d26b71afe64,ONEYJKTBA1697700,,2021-07-30 21:00:05.171414,2021-07-30 21:35:36.098521,f,f
147,KKFU7923775,ONEY,6be435f7-4993-4f73-859a-44c45e3a58a4,f59471f6-a2e5-46f9-9c1c-6d26b71afe64,ONEYJKTBA1697700,,2021-07-30 21:00:05.18923,2021-07-30 21:35:42.613409,f,f
160,TGBU8751446,COSU,d96739c4-107b-4d90-b6ba-f1380c13d01f,f59471f6-a2e5-46f9-9c1c-6d26b71afe64,COSU6884764830,,2021-07-30 21:00:05.411507,2021-07-30 21:36:26.446056,f,f
163,TLLU5474821,ONEY,95eb75c8-4da4-47d1-85df-2c72a269936b,f59471f6-a2e5-46f9-9c1c-6d26b71afe64,ONEYJKTBA7916700,,2021-07-30 21:00:05.482073,2021-07-30 21:36:36.166081,f,f
165,TCLU4999550,HDMU,a3821a2c-3b15-4738-b033-6ef2f0ac1789,f59471f6-a2e5-46f9-9c1c-6d26b71afe64,HDMUJKTM08567700,,2021-07-30 21:00:05.521736,2021-07-30 21:36:42.665978,f,f
167,GAOU6340626,HDMU,76c70fec-9ca9-4885-8e21-8a5e02e1976a,f59471f6-a2e5-46f9-9c1c-6d26b71afe64,HDMUJKTM08567700,,2021-07-30 21:00:05.539919,2021-07-30 21:36:49.256463,f,f
168,TCNU8925527,MEDU,336ede95-b1d6-41c2-aa71-abd1f1b85200,f59471f6-a2e5-46f9-9c1c-6d26b71afe64,MEDUCP391013,,2021-07-30 21:00:05.555663,2021-07-30 21:36:54.304617,f,f
182,FDCU0634690,ONEY,dd7f6ad3-0695-4ccf-8ba6-a2122095b25c,f59471f6-a2e5-46f9-9c1c-6d26b71afe64,ONEYPNHB22468500,,2021-07-30 21:00:05.698934,2021-07-30 21:37:38.632248,f,f
184,TCNU7773775,ONEY,de71c3a6-2969-4618-9415-aa7784091fb2,f59471f6-a2e5-46f9-9c1c-6d26b71afe64,ONEYPNHB22468500,,2021-07-30 21:00:05.715961,2021-07-30 21:37:45.301995,f,f
186,MSMU5139314,MEDU,a885c61d-83fe-4cbb-a103-c279e9d2c7af,f59471f6-a2e5-46f9-9c1c-6d26b71afe64,MEDUCP454993,,2021-07-30 21:00:05.80151,2021-07-30 21:37:51.930296,f,f
187,FFAU1245525,MEDU,27ed0b0c-cd3c-4730-a816-f5498c75e15d,f59471f6-a2e5-46f9-9c1c-6d26b71afe64,MEDUCP454993,,2021-07-30 21:00:05.810326,2021-07-30 21:37:55.141065,f,f
71,KOCU4614169,HDMU,88c8a473-8b78-4f64-b84d-23c9c69f3cf1,f59471f6-a2e5-46f9-9c1c-6d26b71afe64,HDMUJKTM69770400,,2021-07-30 21:00:04.186308,2021-07-30 21:31:38.439193,f,f
73,KOCU4118050,HDMU,05cf2bdd-644a-467b-97b0-2b5b2ebbcc62,f59471f6-a2e5-46f9-9c1c-6d26b71afe64,HDMUJKTM69770400,,2021-07-30 21:00:04.203679,2021-07-30 21:31:45.075369,f,f
87,TCKU6188160,COSU,5d978e5b-f52d-4a7b-8016-b187d09544dc,f59471f6-a2e5-46f9-9c1c-6d26b71afe64,COSU6305139840,,2021-07-30 21:00:04.403554,2021-07-30 21:32:30.481341,f,f
89,CMAU5234855,CMDU,d4c9cdc6-95cf-45b7-9841-2f2bc7f07e07,f59471f6-a2e5-46f9-9c1c-6d26b71afe64,CMDUCFA0422622,,2021-07-30 21:00:04.434839,2021-07-30 21:32:37.092098,f,f
96,CAIU9968345,HDMU,3b5c0f8a-6620-4bcc-ad2b-f47e0d4c7304,f59471f6-a2e5-46f9-9c1c-6d26b71afe64,HDMUJKTM39168700,,2021-07-30 21:00:04.528881,2021-07-30 21:32:59.210316,f,f
98,HMMU6010407,HDMU,caac448e-3745-40dd-81ef-7c7836d6d431,f59471f6-a2e5-46f9-9c1c-6d26b71afe64,HDMUJKTM39168700,,2021-07-30 21:00:04.546498,2021-07-30 21:33:05.710239,f,f
101,CRSU9367040,ONEY,17e44ad6-6471-495f-af90-94aa0f1cd441,f59471f6-a2e5-46f9-9c1c-6d26b71afe64,ONEYJKTB97892400,,2021-07-30 21:00:04.572153,2021-07-30 21:33:15.426995,f,f
103,TCLU9689250,ONEY,a522445d-5e70-42c9-b7f9-47f8afa74c0a,f59471f6-a2e5-46f9-9c1c-6d26b71afe64,ONEYJKTB97892400,,2021-07-30 21:00:04.588991,2021-07-30 21:33:21.865928,f,f
105,FCIU9285028,ONEY,1504e639-d6fc-4f90-adba-10a070ed6905,f59471f6-a2e5-46f9-9c1c-6d26b71afe64,ONEYJKTB979050600,,2021-07-30 21:00:04.612997,2021-07-30 21:33:28.307905,f,f
136,KOCU4919070,HDMU,9c66c817-1cf1-499e-a416-abf667c45244,f59471f6-a2e5-46f9-9c1c-6d26b71afe64,HDMUJKTM45496500,,2021-07-30 21:00:05.081767,2021-07-30 21:35:06.876841,f,f
139,CAIU7667960,HDMU,4ff77994-176d-4669-901b-05d5fe04b6dc,f59471f6-a2e5-46f9-9c1c-6d26b71afe64,HDMUJKTM66097400,,2021-07-30 21:00:05.119569,2021-07-30 21:35:16.554805,f,f
141,TCNU7229890,HDMU,d58ac2bc-2692-40e1-8e46-a5b6ad1cc38c,f59471f6-a2e5-46f9-9c1c-6d26b71afe64,HDMUJKTM90490600,,2021-07-30 21:00:05.13636,2021-07-30 21:35:23.128671,f,f
143,TCNU5069068,HDMU,f731928d-1a1e-4f2c-b10e-ec4c7119250d,f59471f6-a2e5-46f9-9c1c-6d26b71afe64,HDMUJKTM90490600,,2021-07-30 21:00:05.152797,2021-07-30 21:35:29.623061,f,f
146,TCLU9826500,ONEY,28f2e12a-d74b-46be-a8fe-5fb53927a04b,f59471f6-a2e5-46f9-9c1c-6d26b71afe64,ONEYJKTBA1697700,,2021-07-30 21:00:05.180237,2021-07-30 21:35:39.346123,f,f
148,GESU6557620,ONEY,25096075-ef93-4954-bf13-55c0433e5f1d,f59471f6-a2e5-46f9-9c1c-6d26b71afe64,ONEYJKTBA1697700,,2021-07-30 21:00:05.197928,2021-07-30 21:35:45.841832,f,f
162,TRHU4358054,ONEY,93a3ab97-8f8e-4b8f-a989-4858d46ae004,f59471f6-a2e5-46f9-9c1c-6d26b71afe64,ONEYJKTBA7916700,,2021-07-30 21:00:05.472872,2021-07-30 21:36:32.911087,f,f
164,TLLU5457470,ONEY,b78c93e4-6897-4b66-be15-748f277cc023,f59471f6-a2e5-46f9-9c1c-6d26b71afe64,ONEYJKTBA7916700,,2021-07-30 21:00:05.491541,2021-07-30 21:36:39.392922,f,f
166,CAIU9970194,HDMU,8ffc1c8d-38f2-4b54-8c33-821244688239,f59471f6-a2e5-46f9-9c1c-6d26b71afe64,HDMUJKTM08567700,,2021-07-30 21:00:05.531261,2021-07-30 21:36:45.888437,f,f
169,DRYU9456988,ONEY,a72cff9b-e660-4ef1-bff0-9ec560a32c75,f59471f6-a2e5-46f9-9c1c-6d26b71afe64,ONEYALYB04700700,,2021-07-30 21:00:05.569305,2021-07-30 21:36:57.522356,f,f
183,TCNU4863643,ONEY,292c8b9b-23d5-4f0a-80a2-3d72f40ab7de,f59471f6-a2e5-46f9-9c1c-6d26b71afe64,ONEYPNHB22468500,,2021-07-30 21:00:05.707714,2021-07-30 21:37:41.962534,f,f
185,TCNU5516422,ONEY,4bdd20e9-819c-416b-b771-b4b78286cdd6,f59471f6-a2e5-46f9-9c1c-6d26b71afe64,ONEYALYB04845300,,2021-07-30 21:00:05.756329,2021-07-30 21:37:48.55859,f,f
63,KOCU5089851,HDMU,32de47d5-2ca4-445a-8bc3-acf7aed34fa9,f59471f6-a2e5-46f9-9c1c-6d26b71afe64,HDMUJKTM12646200,,2021-07-30 21:00:04.118784,2021-07-30 21:31:13.125747,t,t
77,FFAU1812974,ONEY,9fe1ed46-2313-43ac-b613-c81c474d8d6b,f59471f6-a2e5-46f9-9c1c-6d26b71afe64,ONEYSRGB30650600,,2021-07-30 21:00:04.273259,2021-07-30 21:31:57.701171,t,t
133,TCNU4554285,ZIMU,c3fecdf3-12dc-4864-8d7c-7657219d88d6,f59471f6-a2e5-46f9-9c1c-6d26b71afe64,ZIMUHAI80035104,,2021-07-30 21:00:04.960934,2021-07-30 21:34:57.29323,t,t
189,FFAU1676538,MEDU,30d53e84-9d46-4038-b374-125023f500db,f59471f6-a2e5-46f9-9c1c-6d26b71afe64,MEDUKA852228,,2021-07-31 21:00:03.988034,2021-07-31 21:33:26.004093,t,t
190,MSDU7646245,MEDU,b9d32433-83b3-4213-89f6-fa565e8bf138,f59471f6-a2e5-46f9-9c1c-6d26b71afe64,MEDUKA852228,,2021-07-31 21:00:03.996659,2021-07-31 21:33:29.232437,t,t
159,NYKU4425050,ONEY,9275b488-6ca8-4dc1-aa15-1ac318691cb2,f59471f6-a2e5-46f9-9c1c-6d26b71afe64,ONEYJKTBA5730600,,2021-07-30 21:00:05.390953,2021-07-30 21:36:23.112113,t,t
154,CBHU9161733,COSU,a560370e-9268-45f1-891b-894d1a116416,f59471f6-a2e5-46f9-9c1c-6d26b71afe64,COSU6304334090,,2021-07-30 21:00:05.268068,2021-07-30 21:36:05.683721,t,t
156,SEGU4686032,COSU,04c9201a-a3d2-4c0d-98e6-9b290d075a55,f59471f6-a2e5-46f9-9c1c-6d26b71afe64,COSU6304334090,,2021-07-30 21:00:05.286045,2021-07-30 21:36:12.720183,t,t
150,TCNU6423598,ONEY,b0d47c31-fe4c-4a9d-bd0c-4bd44070da09,f59471f6-a2e5-46f9-9c1c-6d26b71afe64,ONEYPNHB19439900,,2021-07-30 21:00:05.233968,2021-07-30 21:35:52.374022,t,t
153,CAIU9323520,ONEY,ece197fb-a2a1-4fe2-a73a-0da018c9268a,f59471f6-a2e5-46f9-9c1c-6d26b71afe64,ONEYPNHB19439900,,2021-07-30 21:00:05.25956,2021-07-30 21:36:02.190487,t,t
198,TCNU1687160,OOLU,9a7faeab-5afb-433a-9cdb-d922a8da5404,f59471f6-a2e5-46f9-9c1c-6d26b71afe64,OOLU2673973500,,2021-07-31 21:00:04.895036,2021-07-31 21:33:55.446898,f,f
200,TCNU8326529,HLCU,9c118e8f-cb7c-44d3-aee0-d5f4f14d009a,f59471f6-a2e5-46f9-9c1c-6d26b71afe64,HLCUDA1210702018,,2021-07-31 21:00:05.056278,2021-07-31 21:34:02.021697,f,f
201,HAMU1269494,HLCU,cab14a5b-885a-4635-8137-e576ebea2002,f59471f6-a2e5-46f9-9c1c-6d26b71afe64,HLCUDA1210702007,,2021-07-31 21:00:05.112801,2021-07-31 21:34:05.54254,f,f
36,TEMU6634733,EGLV,6537e86a-56b3-422a-9f88-b8c7ce31cb06,f59471f6-a2e5-46f9-9c1c-6d26b71afe64,EGLV235101200809,,2021-07-30 01:23:07.051637,2021-08-02 22:53:59.12524,f,f
41,EITU1425554,EGLV,ab250383-47cf-4679-8fbf-e07ed52e4bfa,f59471f6-a2e5-46f9-9c1c-6d26b71afe64,EGLV236100348363,,2021-07-30 01:23:07.288105,2021-08-02 22:54:02.688412,f,f
95,EGHU8249570,EGLV,6b9082a6-5c17-4150-8229-9196346b0bf5,f59471f6-a2e5-46f9-9c1c-6d26b71afe64,EGLV236100304251,,2021-07-30 21:00:04.520426,2021-08-02 22:54:45.451446,t,t
65,FCIU7522769,EGLV,c0b38c7e-e40a-4093-936a-0831e6a92ef5,f59471f6-a2e5-46f9-9c1c-6d26b71afe64,EGLV080100369233,,2021-07-30 21:00:04.135668,2021-08-02 22:54:09.78709,f,f
66,TCNU2120253,EGLV,613945d0-45bb-4fe7-819a-3094bcdd6d24,f59471f6-a2e5-46f9-9c1c-6d26b71afe64,EGLV080100369233,,2021-07-30 21:00:04.144185,2021-08-02 22:54:13.524986,f,f
54,EMCU9717793,EGLV,01297c03-abfc-4a11-aece-4958f0e23837,f59471f6-a2e5-46f9-9c1c-6d26b71afe64,EGLV236100245769,,2021-07-30 21:00:03.999844,2021-08-02 22:54:06.285283,t,t
81,EGHU9675306,EGLV,66dc8ec3-6b54-4798-9564-7cf60ee30c53,f59471f6-a2e5-46f9-9c1c-6d26b71afe64,EGLV080100312274,,2021-07-30 21:00:04.324445,2021-08-02 22:54:24.163236,f,f
82,EITU1299625,EGLV,c75728e8-9fd3-4c75-b3d7-b673fb7c6daf,f59471f6-a2e5-46f9-9c1c-6d26b71afe64,EGLV080100312274,,2021-07-30 21:00:04.333039,2021-08-02 22:54:27.724135,f,f
84,BEAU4454210,EGLV,19dc8c06-852a-4b0f-ac43-336df5b64550,f59471f6-a2e5-46f9-9c1c-6d26b71afe64,EGLV080100312282,,2021-07-30 21:00:04.377844,2021-08-02 22:54:31.203697,f,f
86,TEMU6408314,EGLV,8d15b1a6-e5b4-4b08-856e-c171f294bfe8,f59471f6-a2e5-46f9-9c1c-6d26b71afe64,EGLV080100312282,,2021-07-30 21:00:04.39491,2021-08-02 22:54:34.726914,f,f
92,TGBU8038883,EGLV,d312c476-ced5-4315-912f-687c359bf3ff,f59471f6-a2e5-46f9-9c1c-6d26b71afe64,EGLV235101455319,,2021-07-30 21:00:04.484653,2021-08-02 22:54:38.244494,f,f
93,EITU1287671,EGLV,fbe9301b-8b9f-449f-af73-366c36ffd218,f59471f6-a2e5-46f9-9c1c-6d26b71afe64,EGLV236100304251,,2021-07-30 21:00:04.49747,2021-08-02 22:54:41.804675,f,f
110,CAAU5346910,EGLV,f86dd390-7ed0-45de-baa9-bb082c5b13ec,f59471f6-a2e5-46f9-9c1c-6d26b71afe64,EGLV080100312037,,2021-07-30 21:00:04.732006,2021-08-02 22:54:49.006217,f,f
111,EGHU9828278,EGLV,c7ed0cdb-0d54-4731-b27e-5c17d9a15993,f59471f6-a2e5-46f9-9c1c-6d26b71afe64,EGLV080100312037,,2021-07-30 21:00:04.740268,2021-08-02 22:54:52.543377,f,f
113,DRYU9425143,EGLV,52b2e106-8310-4ea9-bb56-6a55dd05989a,f59471f6-a2e5-46f9-9c1c-6d26b71afe64,EGLV080100369004,,2021-07-30 21:00:04.757842,2021-08-02 22:54:56.145761,f,f
115,EGHU9055060,EGLV,3dd28af7-7d32-4ab8-8116-1589ad38d0b3,f59471f6-a2e5-46f9-9c1c-6d26b71afe64,EGLV080100369063,,2021-07-30 21:00:04.775112,2021-08-02 22:54:59.607974,f,f
117,TCNU3671369,EGLV,ead24550-7529-46ce-99c3-bd91ddf77f1a,f59471f6-a2e5-46f9-9c1c-6d26b71afe64,EGLV080100312029,,2021-07-30 21:00:04.793162,2021-08-02 22:55:03.108129,f,f
118,FCIU7513704,EGLV,6bed1a39-4f26-4972-9730-12307e9895de,f59471f6-a2e5-46f9-9c1c-6d26b71afe64,EGLV080100312029,,2021-07-30 21:00:04.801676,2021-08-02 22:55:06.665225,f,f
120,TGBU6892471,EGLV,907d58b8-720a-4b0f-92a8-b888ab8a85d4,f59471f6-a2e5-46f9-9c1c-6d26b71afe64,EGLV080100312011,,2021-07-30 21:00:04.81887,2021-08-02 22:55:10.04195,f,f
122,BMOU4470982,EGLV,83923752-5bfa-4624-ac7f-38a517ad55b3,f59471f6-a2e5-46f9-9c1c-6d26b71afe64,EGLV080100312011,,2021-07-30 21:00:04.836014,2021-08-02 22:55:13.295967,f,f
124,TRHU4766879,EGLV,1333499f-da8e-4add-b82a-88214ff283b7,f59471f6-a2e5-46f9-9c1c-6d26b71afe64,EGLV080100312002,,2021-07-30 21:00:04.854067,2021-08-02 22:55:16.531834,f,f
125,TRHU4937246,EGLV,9789409b-2cd1-4a11-b530-1217cf7f4ffa,f59471f6-a2e5-46f9-9c1c-6d26b71afe64,EGLV080100312002,,2021-07-30 21:00:04.862817,2021-08-02 22:55:19.757253,f,f
131,TRHU5239384,EGLV,0161ccdc-fae8-4df2-af9d-e51314f6cabe,f59471f6-a2e5-46f9-9c1c-6d26b71afe64,EGLV080100312291,,2021-07-30 21:00:04.933433,2021-08-02 22:55:22.973864,f,f
132,EGHU9689700,EGLV,891c08ff-1383-4bcc-a5ea-839815707bdd,f59471f6-a2e5-46f9-9c1c-6d26b71afe64,EGLV080100312291,,2021-07-30 21:00:04.942308,2021-08-02 22:55:26.207103,f,f
170,EITU1034610,EGLV,1080bd17-5288-4161-a6ff-be2d664a6a78,f59471f6-a2e5-46f9-9c1c-6d26b71afe64,EGLV080100444448,,2021-07-30 21:00:05.584818,2021-08-02 22:55:29.489607,f,f
312,TCNU4932430,ONEY,393ef45f-530e-4547-a71a-0fb4da2989b2,f59471f6-a2e5-46f9-9c1c-6d26b71afe64,ONEYDAC4101995,,2021-08-11 21:00:04.498464,2021-08-11 21:30:06.878549,t,t
172,EITU9011078,EGLV,60af04fb-a719-4cef-a3b3-0a41cb52fa5f,f59471f6-a2e5-46f9-9c1c-6d26b71afe64,EGLV080100444430,,2021-07-30 21:00:05.603476,2021-08-02 22:55:32.729024,f,f
231,EITU1516891,EGLV,0d49a65e-250a-456d-afb4-8b4534f46a5f,f59471f6-a2e5-46f9-9c1c-6d26b71afe64,EGLV080100369063,,2021-08-04 21:00:04.834486,2021-08-04 22:30:03.060716,f,f
253,CBHU8964284,COSU,2e76b80a-9e09-4473-8b00-8adb779a160e,f59471f6-a2e5-46f9-9c1c-6d26b71afe64,COSU6307465200,,2021-08-05 14:00:04.673967,2021-08-05 14:30:08.88293,f,f
254,TGBU8717333,COSU,23c21837-8d97-49ab-bea6-48efa13645e4,f59471f6-a2e5-46f9-9c1c-6d26b71afe64,COSU6307049430,,2021-08-05 14:00:04.683616,2021-08-05 14:30:12.887119,f,f
255,CCLU7167331,COSU,ea6fa371-7028-43b0-8b45-069ac3012bfe,f59471f6-a2e5-46f9-9c1c-6d26b71afe64,COSU6307881700,,2021-08-05 14:00:04.719152,2021-08-05 14:30:16.56606,f,f
257,OOLU8616474,COSU,db599084-6bb3-4835-a45e-8414268d25c2,f59471f6-a2e5-46f9-9c1c-6d26b71afe64,COSU6307635570,,2021-08-05 14:00:04.968315,2021-08-05 14:30:24.164017,f,f
259,OOLU8302025,COSU,75ec5704-5c33-4b1e-b1ec-35f3c27e8297,f59471f6-a2e5-46f9-9c1c-6d26b71afe64,COSU6306451410,,2021-08-05 14:00:05.027569,2021-08-05 14:30:30.713127,f,f
261,TRLU9734229,ONEY,25721df2-83df-435f-b91b-c3213de70071,f59471f6-a2e5-46f9-9c1c-6d26b71afe64,ONEYDACB1679860,,2021-08-05 14:00:05.273711,2021-08-05 14:30:38.126477,f,f
264,BEAU6239197,COSU,8924b06c-7495-4656-8306-4d6b17a79764,f59471f6-a2e5-46f9-9c1c-6d26b71afe64,COSU6306941840,,2021-08-05 14:00:05.299377,2021-08-05 14:31:00.262152,f,f
265,CSNU6247261,COSU,920697b8-d532-4c2b-938c-e72fb69a2d2f,f59471f6-a2e5-46f9-9c1c-6d26b71afe64,COSU6306941840,,2021-08-05 14:00:05.307432,2021-08-05 14:31:04.090441,f,f
232,BEAU5456650,ONEY,d09db163-1baa-4db2-b73b-ac7ead63f936,f59471f6-a2e5-46f9-9c1c-6d26b71afe64,ONEYDACB14948800,,2021-08-05 14:00:04.150944,2021-08-05 14:31:07.82707,f,f
234,FFAU1827172,ONEY,c5c4b807-12dd-49a0-9cd2-d905362c3af2,f59471f6-a2e5-46f9-9c1c-6d26b71afe64,ONEYDACB14948800,,2021-08-05 14:00:04.170535,2021-08-05 14:31:15.10645,f,f
236,TLLU5500983,ONEY,63513342-2424-43a8-8a25-4a7c6707192d,f59471f6-a2e5-46f9-9c1c-6d26b71afe64,ONEYDACB14951900,,2021-08-05 14:00:04.230964,2021-08-05 14:31:22.727525,f,f
94,EGHU8259095,EGLV,afe47f6a-13e6-4ad6-9f52-0f1bff9c3fd0,f59471f6-a2e5-46f9-9c1c-6d26b71afe64,EGLV236100304251,,2021-07-30 21:00:04.50596,2021-08-02 22:56:29.025152,t,t
173,TEMU8690490,EGLV,90b39f9e-5a29-4876-adf7-e491ef5d3580,f59471f6-a2e5-46f9-9c1c-6d26b71afe64,EGLV080100444421,,2021-07-30 21:00:05.611841,2021-08-02 22:55:36.302048,f,f
175,EGHU9270437,EGLV,98734eeb-6762-43bd-82a8-287ac9c4db32,f59471f6-a2e5-46f9-9c1c-6d26b71afe64,EGLV080100312053,,2021-07-30 21:00:05.638136,2021-08-02 22:55:39.522939,f,f
177,MAGU5298870,EGLV,2443416d-dfe5-42f4-b716-45688299848f,f59471f6-a2e5-46f9-9c1c-6d26b71afe64,EGLV080100312053,,2021-07-30 21:00:05.655158,2021-08-02 22:55:42.823509,f,f
179,TEMU8539859,EGLV,e9d9f08c-ad1e-4281-b2b9-8b3b0b9d7142,f59471f6-a2e5-46f9-9c1c-6d26b71afe64,EGLV080100444413,,2021-07-30 21:00:05.672878,2021-08-02 22:55:46.155408,f,f
180,TCLU7983692,EGLV,4b6dc500-2879-4290-8fe7-c5dfc09ca261,f59471f6-a2e5-46f9-9c1c-6d26b71afe64,EGLV080100312088,,2021-07-30 21:00:05.68118,2021-08-02 22:55:49.371485,f,f
40,EITU1393499,EGLV,ad334f03-1f6e-46b2-8eea-bc5643ceab77,f59471f6-a2e5-46f9-9c1c-6d26b71afe64,EGLV236100348363,,2021-07-30 01:23:07.269474,2021-08-02 22:55:55.836422,f,f
53,HMCU9004244,EGLV,437f6a69-deed-4156-8fa7-11c10cf789c9,f59471f6-a2e5-46f9-9c1c-6d26b71afe64,EGLV236100245769,,2021-07-30 21:00:03.991285,2021-08-02 22:55:59.090804,f,f
64,EITU1943722,EGLV,d72eb5c3-d1b1-4d55-a5aa-c7640c6296e0,f59471f6-a2e5-46f9-9c1c-6d26b71afe64,EGLV080100369233,,2021-07-30 21:00:04.127471,2021-08-02 22:56:02.465444,f,f
67,TGBU6939049,EGLV,f24b4e6e-95e1-4f99-ac23-f50d7c7d6fde,f59471f6-a2e5-46f9-9c1c-6d26b71afe64,EGLV080100369233,,2021-07-30 21:00:04.152476,2021-08-02 22:56:06.136988,f,f
80,EITU1452349,EGLV,a154ef7a-3b10-460e-b0af-724ee060a9f0,f59471f6-a2e5-46f9-9c1c-6d26b71afe64,EGLV080100312274,,2021-07-30 21:00:04.316017,2021-08-02 22:56:13.756005,f,f
83,EITU9279409,EGLV,e5411008-663f-4559-a4cb-5e178f5c12a1,f59471f6-a2e5-46f9-9c1c-6d26b71afe64,EGLV080100312274,,2021-07-30 21:00:04.341381,2021-08-02 22:56:17.464821,f,f
85,TLLU4097549,EGLV,874d58f9-ba92-4b10-ab6a-0baf988b3483,f59471f6-a2e5-46f9-9c1c-6d26b71afe64,EGLV080100312282,,2021-07-30 21:00:04.38662,2021-08-02 22:56:21.181323,f,f
91,EISU8327073,EGLV,7db33078-3d2e-4771-ba3a-6062fbe41d98,f59471f6-a2e5-46f9-9c1c-6d26b71afe64,EGLV235101455319,,2021-07-30 21:00:04.4758,2021-08-02 22:56:24.938294,f,f
106,EISU8338376,EGLV,45c63fdf-4360-4e6e-903c-7d0719928eb9,f59471f6-a2e5-46f9-9c1c-6d26b71afe64,EGLV082100149779,,2021-07-30 21:00:04.658741,2021-08-02 22:56:32.848702,f,f
112,EITU9240541,EGLV,f566f6a2-bed4-41bc-85ac-b3d74243d040,f59471f6-a2e5-46f9-9c1c-6d26b71afe64,EGLV080100369004,,2021-07-30 21:00:04.74883,2021-08-02 22:56:36.523296,f,f
114,EGHU9345623,EGLV,a2632545-93a7-4ef5-a444-fdec9b01f86f,f59471f6-a2e5-46f9-9c1c-6d26b71afe64,EGLV080100369063,,2021-07-30 21:00:04.76662,2021-08-02 22:56:40.148465,f,f
116,FCIU7063886,EGLV,472d8435-8e35-480e-bd7f-7732e6cc1ff4,f59471f6-a2e5-46f9-9c1c-6d26b71afe64,EGLV080100312029,,2021-07-30 21:00:04.783596,2021-08-02 22:56:43.891639,f,f
119,TGBU6934767,EGLV,877c7a0f-0a45-4551-877e-ad51c85c7b75,f59471f6-a2e5-46f9-9c1c-6d26b71afe64,EGLV080100312029,,2021-07-30 21:00:04.810763,2021-08-02 22:56:47.233291,f,f
121,EITU1795332,EGLV,e84c8692-f45f-4ef2-8830-0726cff3acaa,f59471f6-a2e5-46f9-9c1c-6d26b71afe64,EGLV080100312011,,2021-07-30 21:00:04.827309,2021-08-02 22:56:50.551238,f,f
123,EISU9403840,EGLV,8b939766-970c-4f45-9959-a0743e0036c3,f59471f6-a2e5-46f9-9c1c-6d26b71afe64,EGLV080100312011,,2021-07-30 21:00:04.84484,2021-08-02 22:56:53.914697,f,f
126,TRHU5109570,EGLV,557cba63-1c9e-4cfa-ace1-c61d98336ec2,f59471f6-a2e5-46f9-9c1c-6d26b71afe64,EGLV080100312002,,2021-07-30 21:00:04.872187,2021-08-02 22:56:57.511635,f,f
128,FSCU8139795,EGLV,3ad8ab60-f164-4483-a2a5-0bec715011b9,f59471f6-a2e5-46f9-9c1c-6d26b71afe64,EGLV080100312304,,2021-07-30 21:00:04.898945,2021-08-02 22:57:00.741048,f,f
130,TGBU4030159,EGLV,c0ffbafd-d152-444d-a633-4ffeb92593df,f59471f6-a2e5-46f9-9c1c-6d26b71afe64,EGLV080100312291,,2021-07-30 21:00:04.924452,2021-08-02 22:57:04.090266,f,f
135,EITU9056771,EGLV,6c5873d1-a14f-4cb6-8892-b44a31226cfe,f59471f6-a2e5-46f9-9c1c-6d26b71afe64,EGLV080100369063,,2021-07-30 21:00:05.047667,2021-08-02 22:57:07.403687,f,f
171,EITU9141404,EGLV,17d80a95-9173-4f99-ae5d-a9f6c6695545,f59471f6-a2e5-46f9-9c1c-6d26b71afe64,EGLV080100444430,,2021-07-30 21:00:05.59455,2021-08-02 22:57:10.681161,f,f
174,TEMU8914590,EGLV,59e4f24f-cec9-4aec-8904-1a8ac408dc20,f59471f6-a2e5-46f9-9c1c-6d26b71afe64,EGLV080100444421,,2021-07-30 21:00:05.620282,2021-08-02 22:57:13.919911,f,f
176,CAIU9790124,EGLV,f1dd0bb8-1641-4a40-934b-6cabcefbea50,f59471f6-a2e5-46f9-9c1c-6d26b71afe64,EGLV080100312053,,2021-07-30 21:00:05.646644,2021-08-02 22:57:17.32079,f,f
178,CAAU5420685,EGLV,48d0528d-56a8-4602-a3cc-84c279ac97d6,f59471f6-a2e5-46f9-9c1c-6d26b71afe64,EGLV080100444413,,2021-07-30 21:00:05.663585,2021-08-02 22:57:20.549456,f,f
181,EITU1815995,EGLV,73ee913b-6631-49be-b819-fec7a8e00138,f59471f6-a2e5-46f9-9c1c-6d26b71afe64,EGLV080100312088,,2021-07-30 21:00:05.689494,2021-08-02 22:57:23.829246,f,f
233,TCLU4909963,ONEY,9e981207-6afc-4438-8162-088aac26742b,f59471f6-a2e5-46f9-9c1c-6d26b71afe64,ONEYDACB14948800,,2021-08-05 14:00:04.160676,2021-08-05 14:31:11.472014,f,f
235,TCLU8422227,ONEY,03be2af6-eec6-4238-9ef9-7cb5e22c5cfc,f59471f6-a2e5-46f9-9c1c-6d26b71afe64,ONEYDACB14948800,,2021-08-05 14:00:04.179586,2021-08-05 14:31:18.906336,f,f
237,TCLU4621283,ONEY,e3016a09-fc6f-4f30-825a-5f9a7330d0a1,f59471f6-a2e5-46f9-9c1c-6d26b71afe64,ONEYDACB14951900,,2021-08-05 14:00:04.239618,2021-08-05 14:31:30.050867,f,f
239,TCNU5898217,ONEY,4836a49a-b7ca-4b3b-b088-5ac27732a9a9,f59471f6-a2e5-46f9-9c1c-6d26b71afe64,ONEYDACB14951900,,2021-08-05 14:00:04.256493,2021-08-05 14:31:36.913297,f,f
240,TCLU5795783,ONEY,515308c8-d8b7-429d-a82d-73e6961f52a2,f59471f6-a2e5-46f9-9c1c-6d26b71afe64,ONEYDACB14951900,,2021-08-05 14:00:04.265088,2021-08-05 14:31:40.195952,f,f
242,CSNU6672701,COSU,d0c651bb-c949-4eda-a5cd-ed89cf139116,f59471f6-a2e5-46f9-9c1c-6d26b71afe64,COSU6306092050,,2021-08-05 14:00:04.287451,2021-08-05 14:31:46.882643,f,f
244,FFAU3458664,COSU,ede6d669-c2fa-497f-9d5c-72613c60a85d,f59471f6-a2e5-46f9-9c1c-6d26b71afe64,COSU6305953240,,2021-08-05 14:00:04.368776,2021-08-05 14:31:53.678589,f,f
246,CCLU7971490,COSU,5bb93b19-31f5-4fc7-9d64-e1f5c5bbfbe7,f59471f6-a2e5-46f9-9c1c-6d26b71afe64,COSU6305953240,,2021-08-05 14:00:04.392461,2021-08-05 14:32:00.408551,f,f
248,TLLU4486366,COSU,75e97e04-3cf4-44a1-9b3b-778dc4ad0d3c,f59471f6-a2e5-46f9-9c1c-6d26b71afe64,COSU6305953240,,2021-08-05 14:00:04.422003,2021-08-05 14:32:07.879868,f,f
250,KKFU7974514,ONEY,f0b28b1d-b176-45b0-af55-ad4d7bc56ba4,f59471f6-a2e5-46f9-9c1c-6d26b71afe64,ONEYDACB15904800,,2021-08-05 14:00:04.532088,2021-08-05 14:32:15.209584,f,f
251,CBHU9580581,COSU,147fb53d-4207-49f5-a782-86cfaedc0d89,f59471f6-a2e5-46f9-9c1c-6d26b71afe64,COSU6306929270,,2021-08-05 14:00:04.550764,2021-08-05 14:32:19.017379,f,f
238,FFAU1456889,ONEY,f49143f6-104c-4101-9ea4-7ac387bb79fa,f59471f6-a2e5-46f9-9c1c-6d26b71afe64,ONEYDACB14951900,,2021-08-05 14:00:04.248201,2021-08-05 14:31:33.335012,f,f
243,BEAU5423126,ONEY,05201aa0-e109-4684-b317-ecb1f04be8ff,f59471f6-a2e5-46f9-9c1c-6d26b71afe64,ONEYDACB15128600,,2021-08-05 14:00:04.307172,2021-08-05 14:31:50.391032,f,f
245,CCLU7884667,COSU,93a0832e-242d-4b6b-a6fe-c7102dd07895,f59471f6-a2e5-46f9-9c1c-6d26b71afe64,COSU6305953240,,2021-08-05 14:00:04.383756,2021-08-05 14:31:57.101142,f,f
247,CCLU7672971,COSU,c1c6de92-ecea-4386-98e0-5a6cc80feb39,f59471f6-a2e5-46f9-9c1c-6d26b71afe64,COSU6305953240,,2021-08-05 14:00:04.413239,2021-08-05 14:32:04.206714,f,f
249,KKFU7891195,ONEY,e9cb062c-dbb0-4ce5-8b9d-02e6e7bb25fd,f59471f6-a2e5-46f9-9c1c-6d26b71afe64,ONEYDACB15904800,,2021-08-05 14:00:04.523721,2021-08-05 14:32:11.49415,f,f
252,CBHU9418020,COSU,5d4a538a-14e5-4c6a-b2df-8491020ec8f1,f59471f6-a2e5-46f9-9c1c-6d26b71afe64,COSU6307465200,,2021-08-05 14:00:04.665214,2021-08-05 14:32:22.69707,f,f
241,NYKU4881189,ONEY,16b11346-b6f7-4014-96fb-4350bd8225e5,f59471f6-a2e5-46f9-9c1c-6d26b71afe64,ONEYDACB14492900,,2021-08-05 14:00:04.278821,2021-08-05 14:31:43.602604,t,t
151,TCNU6648064,ONEY,a836b1f9-4d73-4d7a-b3a5-9545645b1dc7,f59471f6-a2e5-46f9-9c1c-6d26b71afe64,ONEYPNHB19439900,,2021-07-30 21:00:05.242486,2021-07-30 21:35:55.592484,t,t
197,TCNU9664222,ONEY,2e948f01-4786-48e0-b0b6-b2840549065c,f59471f6-a2e5-46f9-9c1c-6d26b71afe64,ONEYDACB15258300,,2021-07-31 21:00:04.557589,2021-07-31 21:33:52.195147,t,t
300,KOCU4006045,HDMU,2a238b6c-b439-4c4d-946f-0d7c317f6e7f,f59471f6-a2e5-46f9-9c1c-6d26b71afe64,HDMUSELM13156400,,2021-08-07 21:00:04.793451,2021-08-07 21:30:55.280173,t,t
34,TCNU4573449,EGLV,ae5d13c2-d395-404a-a41f-5fb41d8d2e90,f59471f6-a2e5-46f9-9c1c-6d26b71afe64,EGLV236100284675,,2021-07-30 01:23:07.029361,2021-08-02 22:53:44.230011,t,t
272,FSCU8336264,MEDU,ebcd274a-2557-4833-aa41-ce9b6845c43a,f59471f6-a2e5-46f9-9c1c-6d26b71afe64,MEDUKA851907,,2021-08-05 21:00:04.302226,2021-08-05 21:30:07.180306,t,t
274,BEAU5462400,ONEY,acfcb213-9a09-40b4-bc31-20d6003a9496,f59471f6-a2e5-46f9-9c1c-6d26b71afe64,ONEYDACB13743700,,2021-08-05 21:00:04.414718,2021-08-05 21:30:33.945501,t,t
275,TCLU3662523,ONEY,2556c6fe-900a-4fe7-9c3d-55dd8b3cba51,f59471f6-a2e5-46f9-9c1c-6d26b71afe64,ONEYDACB13743700,,2021-08-05 21:00:04.424585,2021-08-05 21:30:37.232153,t,t
276,TCNU4861173,ONEY,25ab7dbd-ebfb-42ed-89a0-275330c0c370,f59471f6-a2e5-46f9-9c1c-6d26b71afe64,ONEYDACB13743700,,2021-08-05 21:00:04.432886,2021-08-05 21:30:40.473373,t,t
277,BEAU5512521,ONEY,2387f2f1-b00b-423c-b6ef-8611c1d8e6fd,f59471f6-a2e5-46f9-9c1c-6d26b71afe64,ONEYDACB13743700,,2021-08-05 21:00:04.441052,2021-08-05 21:30:43.830586,t,t
302,KOCU4675605,HDMU,dfc83cd1-e6cc-4c78-96bc-82898edfe2a5,f59471f6-a2e5-46f9-9c1c-6d26b71afe64,HDMUSELM13156400,,2021-08-07 21:00:04.810409,2021-08-07 21:31:02.599517,t,t
55,CAIU7405595,HDMU,63698183-61be-4d61-9342-41984bbae3ef,f59471f6-a2e5-46f9-9c1c-6d26b71afe64,HDMUJKTM74157100,,2021-07-30 21:00:04.008471,2021-07-30 21:30:47.252308,t,t
57,HMMU6008101,HDMU,42096507-029d-4bf5-a519-053eb949d484,f59471f6-a2e5-46f9-9c1c-6d26b71afe64,HDMUJKTM74157100,,2021-07-30 21:00:04.025845,2021-07-30 21:30:53.702037,t,t
273,MEDU7272868,MEDU,895f68cc-54d0-461f-9566-a2fa50a10cef,f59471f6-a2e5-46f9-9c1c-6d26b71afe64,MEDUKA8519076,,2021-08-05 21:00:04.312042,2021-08-05 21:30:11.035906,t,t
158,CSNU6117709,COSU,aa799fff-d405-4844-8261-810059503be3,f59471f6-a2e5-46f9-9c1c-6d26b71afe64,COSU6305754130,,2021-07-30 21:00:05.30581,2021-07-30 21:36:19.707069,t,t
278,CSNU6400160,COSU,ef6f2caf-a90f-4731-adb2-9ff4d144c5be,f59471f6-a2e5-46f9-9c1c-6d26b71afe64,COSU6307635570,,2021-08-05 21:00:05.217757,2021-08-05 21:30:47.074136,f,f
279,FFAU2879231,COSU,75b0fd5d-6ca4-437a-8437-a4eaad7a3dba,f59471f6-a2e5-46f9-9c1c-6d26b71afe64,COSU6307635570,,2021-08-05 21:00:05.226505,2021-08-05 21:30:50.935815,f,f
280,KKTU7767126,ONEY,b87892fe-4ad8-47e8-afc8-bba383262dd4,f59471f6-a2e5-46f9-9c1c-6d26b71afe64,ONEYDACB16171500,,2021-08-05 21:00:05.512845,2021-08-05 21:30:54.178121,f,f
281,CSNU7240127,COSU,f61387f7-45b9-4564-9707-844136beb4c7,f59471f6-a2e5-46f9-9c1c-6d26b71afe64,COSU6308361750,,2021-08-05 21:00:05.531082,2021-08-05 21:30:57.434498,f,f
282,DFSU7347309,COSU,045d205c-f1b0-40b3-b8c1-8c7f2ca0d529,f59471f6-a2e5-46f9-9c1c-6d26b71afe64,COSU6308361750,,2021-08-05 21:00:05.539452,2021-08-05 21:31:00.759884,f,f
283,OOCU8457756,COSU,916d4bb6-3ae0-4a7c-b1c2-4a23a03cc62d,f59471f6-a2e5-46f9-9c1c-6d26b71afe64,COSU6309241430,,2021-08-05 21:00:05.628783,2021-08-05 21:31:04.000995,f,f
284,FFAU2707788,COSU,e2abae1f-95c0-4527-96b3-acbaf1ed3716,f59471f6-a2e5-46f9-9c1c-6d26b71afe64,COSU6309241430,,2021-08-05 21:00:05.637345,2021-08-05 21:31:07.264639,f,f
286,MRSU4492688,HDMU,1afcbaaf-9adc-4f72-81ea-aebc9d5088d7,f59471f6-a2e5-46f9-9c1c-6d26b71afe64,HDMUSELM24373201,,2021-08-07 21:00:04.312263,2021-08-07 21:30:06.322535,f,f
287,SMCU1192022,HDMU,af0d50dc-56dc-4b3f-b427-d6fac5673966,f59471f6-a2e5-46f9-9c1c-6d26b71afe64,HDMUSELM24373201,,2021-08-07 21:00:04.321636,2021-08-07 21:30:09.574226,f,f
288,HMMU6448456,HDMU,3afd3a10-aa84-4d9b-b41e-a2aae2e4821f,f59471f6-a2e5-46f9-9c1c-6d26b71afe64,HDMUSELM24373201,,2021-08-07 21:00:04.329964,2021-08-07 21:30:12.805824,f,f
289,KOCU4477261,HDMU,28ad55eb-f135-41e6-894f-89bdd9ba3884,f59471f6-a2e5-46f9-9c1c-6d26b71afe64,HDMUSELM24373200,,2021-08-07 21:00:04.345265,2021-08-07 21:30:16.060619,f,f
290,KOCU4566353,HDMU,a26a5cd1-59eb-44ec-a1dc-3336d03d13b9,f59471f6-a2e5-46f9-9c1c-6d26b71afe64,HDMUSELM24373200,,2021-08-07 21:00:04.353493,2021-08-07 21:30:19.331226,f,f
291,TCKU6183105,COSU,b335369c-12d0-4ddf-af65-18caed904f38,f59471f6-a2e5-46f9-9c1c-6d26b71afe64,COSU6307299930,,2021-08-07 21:00:04.605676,2021-08-07 21:30:22.580633,f,f
292,CSNU7637011,COSU,de134070-110a-4f9d-b5e2-57871618823e,f59471f6-a2e5-46f9-9c1c-6d26b71afe64,COSU6307299930,,2021-08-07 21:00:04.614289,2021-08-07 21:30:25.837588,f,f
293,OOLU8448663,COSU,3a5babf7-0d10-45b0-995d-bebe88bea454,f59471f6-a2e5-46f9-9c1c-6d26b71afe64,COSU6307299930,,2021-08-07 21:00:04.622499,2021-08-07 21:30:29.074646,f,f
294,DFSU6317383,COSU,a9d0d61d-8e1a-433e-a11c-f0cd754148a3,f59471f6-a2e5-46f9-9c1c-6d26b71afe64,COSU6307299930,,2021-08-07 21:00:04.630918,2021-08-07 21:30:32.503995,f,f
295,FFAU1583965,COSU,b0b930fb-e75b-4589-af2e-c132e787c4ed,f59471f6-a2e5-46f9-9c1c-6d26b71afe64,COSU6308193230,,2021-08-07 21:00:04.749018,2021-08-07 21:30:36.460859,f,f
296,FFAU3273824,COSU,8b327521-1c50-46db-b1d2-e2ad975f46ed,f59471f6-a2e5-46f9-9c1c-6d26b71afe64,COSU6308193230,,2021-08-07 21:00:04.757844,2021-08-07 21:30:40.319647,f,f
297,OOLU7534812,COSU,4392ddfc-320e-4958-b098-34c1dfcd4d5a,f59471f6-a2e5-46f9-9c1c-6d26b71afe64,COSU6308193230,,2021-08-07 21:00:04.766491,2021-08-07 21:30:44.163613,f,f
298,SEGU6849416,HDMU,98a0249c-6b66-49ff-a35d-f38986abbc4b,f59471f6-a2e5-46f9-9c1c-6d26b71afe64,HDMUSELM13156400,,2021-08-07 21:00:04.776978,2021-08-07 21:30:47.982676,f,f
301,BSIU9211850,HDMU,be171d72-ced9-49dd-a0a4-b7b058deb251,f59471f6-a2e5-46f9-9c1c-6d26b71afe64,HDMUSELM13156400,,2021-08-07 21:00:04.801684,2021-08-07 21:30:58.922859,f,f
304,OOLU9802679,COSU,7b6d6008-ab08-466d-bf1d-391ca05d792d,f59471f6-a2e5-46f9-9c1c-6d26b71afe64,COSU6308306240,,2021-08-07 21:00:04.84275,2021-08-07 21:31:10.021337,f,f
305,OOLU7500010,COSU,b8b05cce-5b12-44f5-9773-7875725699e2,f59471f6-a2e5-46f9-9c1c-6d26b71afe64,COSU6308512400,,2021-08-07 21:00:04.991599,2021-08-07 21:31:13.521737,f,f
306,CCLU4360497,COSU,7ef7d598-88fb-4861-9613-b4bff79a7423,f59471f6-a2e5-46f9-9c1c-6d26b71afe64,COSU6308512400,,2021-08-07 21:00:05.003878,2021-08-07 21:31:17.048345,f,f
307,CSLU6071241,COSU,26a49d14-99ca-4bad-b375-6781bd55c9cc,f59471f6-a2e5-46f9-9c1c-6d26b71afe64,COSU6308421400,,2021-08-07 21:00:05.013455,2021-08-07 21:31:20.642888,f,f
308,FCIU7199445,COSU,943cfca6-9b67-4059-85fc-b1093669a6cd,f59471f6-a2e5-46f9-9c1c-6d26b71afe64,COSU6308421400,,2021-08-07 21:00:05.030417,2021-08-07 21:31:24.210569,f,f
309,CBHU9441919,COSU,d9faa0f1-17fe-4328-87fc-7d7e06a532e7,f59471f6-a2e5-46f9-9c1c-6d26b71afe64,COSU6308421400,,2021-08-07 21:00:05.039652,2021-08-07 21:31:27.86618,f,f
310,CBHU9109057,COSU,6574a70a-1970-4d17-8de3-c3a0c3972727,f59471f6-a2e5-46f9-9c1c-6d26b71afe64,COSU6308421400,,2021-08-07 21:00:05.049097,2021-08-07 21:31:31.424979,f,f
60,KOCU4209016,HDMU,e736e949-2701-4251-b5fc-c645ecd05e23,f59471f6-a2e5-46f9-9c1c-6d26b71afe64,HDMUJKTM62025300,,2021-07-30 21:00:04.053456,2021-07-30 21:31:03.416381,t,t
62,HMMU6243292,HDMU,de76eb7f-39f3-40a0-b99d-73cb350a8423,f59471f6-a2e5-46f9-9c1c-6d26b71afe64,HDMUJKTM62025300,,2021-07-30 21:00:04.07086,2021-07-30 21:31:09.889387,t,t
78,FCIU9234632,ONEY,af970b21-3aad-464e-8695-1efb0907b2ea,f59471f6-a2e5-46f9-9c1c-6d26b71afe64,ONEYSRGB30650600,,2021-07-30 21:00:04.281819,2021-07-30 21:32:00.960029,t,t
79,FDCU0634031,ONEY,749b2c1b-9eb7-41c1-b155-bc71c3f333e5,f59471f6-a2e5-46f9-9c1c-6d26b71afe64,ONEYSRGB30650600,,2021-07-30 21:00:04.290069,2021-07-30 21:32:04.421008,t,t
192,TCNU6860432,ONEY,409f20cd-6c9d-4f9d-b3cb-7ac4dba17fb3,f59471f6-a2e5-46f9-9c1c-6d26b71afe64,ONEYDACB14745300,,2021-07-31 21:00:04.216072,2021-07-31 21:33:35.863323,t,t
193,TRHU4342130,ONEY,3ea25557-8fc8-4bd0-89b5-bab707ea6075,f59471f6-a2e5-46f9-9c1c-6d26b71afe64,ONEYDACB14401600,,2021-07-31 21:00:04.334487,2021-07-31 21:33:39.103843,t,t
195,NYKU4387936,ONEY,752e15b9-def4-4c05-b160-8e60ab2a115b,f59471f6-a2e5-46f9-9c1c-6d26b71afe64,ONEYDACB14818400,,2021-07-31 21:00:04.352313,2021-07-31 21:33:45.676358,t,t
196,NYKU5162169,ONEY,64c3aaaf-9eb3-4e60-a703-e1081434e597,f59471f6-a2e5-46f9-9c1c-6d26b71afe64,ONEYDACB14818400,,2021-07-31 21:00:04.360966,2021-07-31 21:33:48.902274,t,t
75,EITU1038684,EGLV,10e5828d-38cf-4202-acb0-0a1c879e56aa,f59471f6-a2e5-46f9-9c1c-6d26b71afe64,EGLV080100303992,,2021-07-30 21:00:04.221035,2021-08-02 22:56:09.924406,t,t
68,TCNU4502888,EGLV,f977934c-443c-4863-96d8-0b53f55de91d,f59471f6-a2e5-46f9-9c1c-6d26b71afe64,EGLV080100304018,,2021-07-30 21:00:04.16082,2021-08-02 22:54:16.965798,t,t
267,CAAU5822555,MEDU,0ac4958d-75c6-4942-a869-1c7c58c25607,f59471f6-a2e5-46f9-9c1c-6d26b71afe64,MEDUKA848374,,2021-08-05 21:00:04.258543,2021-08-05 21:30:17.602495,t,t
269,FDCU0058430,MEDU,5144a5bc-0550-4060-9d42-4943bea03f83,f59471f6-a2e5-46f9-9c1c-6d26b71afe64,MEDUKA848374,,2021-08-05 21:00:04.276049,2021-08-05 21:30:24.172971,t,t
316,OOLU8963149,OOLU,71fc744e-4cbf-4239-9ea9-29a5e6eef9a2,f59471f6-a2e5-46f9-9c1c-6d26b71afe64,OOLU2669839560,,2021-08-12 14:00:04.686081,2021-08-12 14:30:03.324481,t,t
59,BSIU9264228,HDMU,77a40b37-e84b-448f-9c3a-64b90838581a,f59471f6-a2e5-46f9-9c1c-6d26b71afe64,HDMUJKTM62025300,,2021-07-30 21:00:04.044986,2021-07-30 21:31:00.160539,t,t
303,GAOU6205117,HDMU,a7e9b8f6-e85a-4628-b8c3-dce46b056357,f59471f6-a2e5-46f9-9c1c-6d26b71afe64,HDMUSELM13156400,,2021-08-07 21:00:04.818724,2021-08-07 21:31:06.26155,t,t
155,DFSU7383311,COSU,a153a4f3-20c9-4588-b178-c212fedc0540,f59471f6-a2e5-46f9-9c1c-6d26b71afe64,COSU6304334090,,2021-07-30 21:00:05.276503,2021-07-30 21:36:09.239967,t,t
299,KOCU4756857,HDMU,1dc87823-a529-4c3b-858d-b231f6a58a8e,f59471f6-a2e5-46f9-9c1c-6d26b71afe64,HDMUSELM13156400,,2021-08-07 21:00:04.785138,2021-08-07 21:30:51.741521,t,t
268,MEDU7674701,MEDU,52ace4f9-641b-4b65-9686-748a18ad0b53,f59471f6-a2e5-46f9-9c1c-6d26b71afe64,MEDUKA848374,,2021-08-05 21:00:04.267068,2021-08-05 21:30:20.882349,t,t
270,INKU6723523,MEDU,f5b26b98-64cf-4e58-a94d-106713d2eb02,f59471f6-a2e5-46f9-9c1c-6d26b71afe64,MEDUKA848374,,2021-08-05 21:00:04.285278,2021-08-05 21:30:27.417746,t,t
208,NYKU4627364,ONEY,da2bfa7f-7be1-49d1-861c-07dc020da977,f59471f6-a2e5-46f9-9c1c-6d26b71afe64,ONEYDACB14521900,,2021-08-03 21:00:04.256791,2021-08-03 21:30:20.155879,t,t
191,TRHU5320496,ONEY,8b4c09bc-4202-429c-b85c-ec9a0d491ccb,f59471f6-a2e5-46f9-9c1c-6d26b71afe64,ONEYDACB14519900,,2021-07-31 21:00:04.024268,2021-07-31 21:33:32.632288,t,t
285,FFAU2317574,MEDU,c6e6dc67-e1be-4328-9b5a-1a8fd0d76d1f,f59471f6-a2e5-46f9-9c1c-6d26b71afe64,MEDUKA852244,,2021-08-06 14:00:03.765197,2021-08-06 14:30:03.107449,t,t
35,TCNU2859074,EGLV,3eb2b7f0-b955-4326-90a3-dccdaa930380,f59471f6-a2e5-46f9-9c1c-6d26b71afe64,EGLV236100284675,,2021-07-30 01:23:07.038308,2021-08-02 22:55:52.607996,t,t
271,MEDU4785189,MEDU,737b0c0f-ce09-47df-8416-30d2293b024d,f59471f6-a2e5-46f9-9c1c-6d26b71afe64,MEDUKA848374,,2021-08-05 21:00:04.293934,2021-08-05 21:30:30.707693,t,t
266,BEAU5923306,MEDU,7b724bb5-2a38-40c0-a55a-17c79c499b9a,f59471f6-a2e5-46f9-9c1c-6d26b71afe64,MEDUKA848374,,2021-08-05 21:00:04.247941,2021-08-05 21:30:14.342004,t,t
